amfi_code,scheme_name,fund_house,category,plan,beta,daily_alpha,annualized_alpha,regression_r_squared,regression_p_value,beta_std_err,observations
119598,SBI Small Cap Fund - Regular Plan - Growth,SBI Mutual Fund,Equity,Regular,-0.02319606204405971,0.0012038478328167985,0.3033696538698332,0.00014142575502721738,0.6871791461096045,0.05758874143280733,1149
149324,DSP Small Cap Fund - Regular - Growth,DSP Mutual Fund,Equity,Regular,0.011455159960520695,0.001192772943292729,0.3005787817097677,3.532990626795555e-05,0.8404935891843303,0.056903703736950015,1149
120505,ICICI Pru Midcap Fund - Regular - Growth,ICICI Prudential MF,Equity,Regular,0.000549004250631731,0.0011612533072123436,0.2926358334175106,1.3455341675669786e-07,0.9900902356906137,0.044192299843648974,1149
148569,Mirae Asset Tax Saver Fund - Regular - Growth,Mirae Asset MF,Equity,Regular,0.01813388408385925,0.0011218399941454692,0.2827036785246582,0.0001748888656812956,0.6542952865906952,0.040484619877281615,1149
120843,Kotak Flexicap Fund - Regular - Growth,Kotak Mahindra MF,Equity,Regular,-0.02282956979242654,0.0010845422634248435,0.27330465038306057,0.00034305434271514486,0.5305284121437438,0.03638815632934552,1149
100033,HDFC Mid-Cap Opportunities Fund - Regular - Growth,HDFC Mutual Fund,Equity,Regular,0.005103525830528313,0.0010791807341779893,0.2719535450128533,1.2066520635068172e-05,0.9063691402409378,0.0433805404268303,1149
148567,Mirae Asset Large Cap Fund - Regular - Growth,Mirae Asset MF,Equity,Regular,0.023683558075848616,0.001070783787377701,0.2698375144191807,0.00046254369066238443,0.4664265197542749,0.03250786112917388,1149
149323,DSP Midcap Fund - Regular - Growth,DSP Mutual Fund,Equity,Regular,-0.002523004664699212,0.0010554991088112318,0.26598577542043045,3.3579781920087663e-06,0.9505247706268669,0.04065338188780854,1149
119094,Axis Midcap Fund - Regular - Growth,Axis Mutual Fund,Equity,Regular,-0.0662654286280376,0.0010347884555572313,0.2607666908004223,0.0019368789369602333,0.13598752352498455,0.04441534793764907,1149
119551,SBI Bluechip Fund - Regular Plan - Growth,SBI Mutual Fund,Equity,Regular,-0.03175144113890976,0.000920674887326789,0.23201007160635082,0.0008869788879322828,0.313143027230845,0.031465337983741765,1149
118632,Nippon India Large Cap Fund - Regular - Growth,Nippon India MF,Equity,Regular,-0.008353832126962014,0.0008662459485955811,0.21829397904608644,5.791756270127824e-05,0.7966457465470187,0.03241054388354019,1149
101206,ABSL Frontline Equity Fund - Regular - Growth,Aditya Birla Sun Life MF,Equity,Regular,0.02108631625012804,0.0008491978085734608,0.21399784776051212,0.0003480482030714255,0.5275509209180673,0.03336750375157688,1149
120504,ICICI Pru Bluechip Fund - Direct - Growth,ICICI Prudential MF,Equity,Direct,0.016232169761417024,0.0008410645640287988,0.2119482701352573,0.00021216129075887503,0.6218551541356451,0.03290150146588935,1149
148568,Mirae Asset Emerging Bluechip Fund - Regular - Growth,Mirae Asset MF,Equity,Regular,-0.02638771994384303,0.0008282940510691404,0.20873010086942337,0.00048592647527973253,0.4553703178741982,0.03533697205783346,1149
119552,SBI Bluechip Fund - Direct Plan - Growth,SBI Mutual Fund,Equity,Direct,-0.02615930751351341,0.0007884364828120222,0.1986859936686296,0.0005850821704543429,0.41270558180205413,0.031923390924810474,1149
125497,HDFC Top 100 Fund - Direct Plan - Growth,HDFC Mutual Fund,Equity,Direct,0.048820404259577385,0.0007035617034734827,0.17729754927531766,0.0018401792783071574,0.14617594874598647,0.03357296026148678,1149
120503,ICICI Pru Bluechip Fund - Regular - Growth,ICICI Prudential MF,Equity,Regular,-0.0402689523698206,0.0007025119986446061,0.17703302365844073,0.001397444608331861,0.2054374518341153,0.03178466640024183,1149
118634,Nippon India Small Cap Fund - Regular - Growth,Nippon India MF,Equity,Regular,0.10349663691337589,0.0006944730823655265,0.1750072167561127,0.0027930065610663234,0.07333892285784306,0.05774324797224455,1149
102885,UTI Nifty 50 Index Fund - Regular - Growth,UTI Mutual Fund,Equity,Regular,-0.019486785689474536,0.0006765379683893927,0.17048756803412696,0.0003828503073092387,0.5075948866942018,0.02940091517888597,1149
120506,ICICI Pru Value Discovery Fund - Regular - Growth,ICICI Prudential MF,Equity,Regular,0.04189646272811975,0.0006449941777770254,0.1625385327998104,0.0012571178108220728,0.22978488107543144,0.03486859975375099,1149
102887,UTI Flexi Cap Fund - Regular - Growth,UTI Mutual Fund,Equity,Regular,0.016682689437770806,0.0006433038410330657,0.16211256794033255,0.00018619166432850125,0.6440466770890056,0.03609639283424432,1149
118633,Nippon India Large Cap Fund - Direct - Growth,Nippon India MF,Equity,Direct,-0.03663900671860934,0.0006207871408003836,0.15643835948169668,0.0011382947171084277,0.25315678850632356,0.032046994367127025,1149
118635,Nippon India ETF Nifty 50 BeES,Nippon India MF,Equity,Direct,-0.001433521389780139,0.0006006489939777476,0.1513635464823924,2.0253408972328594e-06,0.9615666405413442,0.029742191292994238,1149
149322,DSP Top 100 Equity Fund - Regular - Growth,DSP Mutual Fund,Equity,Regular,-0.004050271130006511,0.0005227456438928346,0.13173190226099432,1.322760788085031e-05,0.901989502440503,0.032882047999788507,1149
120841,Kotak Bluechip Fund - Regular - Growth,Kotak Mahindra MF,Equity,Regular,0.0363563990221998,0.000517576367091486,0.13042924450705445,0.0012113711061211869,0.2384593087156638,0.030824592340953673,1149
125498,HDFC Mid-Cap Opportunities Fund - Direct - Growth,HDFC Mutual Fund,Equity,Direct,0.009054412621739139,0.00047575797504833216,0.11989100971217971,4.043746553634231e-05,0.8295182110189222,0.04204146371813351,1149
101207,ABSL Small Cap Fund - Regular - Growth,Aditya Birla Sun Life MF,Equity,Regular,-0.06528924788351526,0.00043242428181367216,0.10897091901704538,0.0010641052735572626,0.26923382859979944,0.05906585139524708,1149
119093,Axis Bluechip Fund - Direct - Growth,Axis Mutual Fund,Equity,Direct,0.02588321244009315,0.00032669846409611483,0.08232801295222093,0.000569203809024487,0.4191212046285578,0.03202424744940539,1149
120842,Kotak Emerging Equity Fund - Regular - Growth,Kotak Mahindra MF,Equity,Regular,0.018056874208118162,0.00030969995540297936,0.0780443887615508,0.00016915548838314365,0.6596465767530766,0.04099029861586007,1149
119092,Axis Bluechip Fund - Regular - Growth,Axis Mutual Fund,Equity,Regular,0.009730745001153627,0.00027379086593958533,0.0689952982167755,8.082637693810755e-05,0.7608083592013822,0.03195731437489774,1149
120507,ICICI Pru Liquid Fund - Regular - Growth,ICICI Prudential MF,Debt,Regular,-0.0004440926329707226,0.0002677067623452198,0.06746210411099539,0.00013430661440679822,0.6947484438507021,0.0011313943164611136,1149
120844,Kotak Liquid Fund - Regular - Growth,Kotak Mahindra MF,Debt,Regular,-0.0004007442394784006,0.00025617767838793644,0.06455677495375998,0.00010125435692271745,0.7333100820090803,0.0011758630169772715,1149
101208,ABSL Liquid Fund - Regular - Growth,Aditya Birla Sun Life MF,Debt,Regular,0.00026670968338238335,0.00024151372205504423,0.060861457957871144,4.6076236771051994e-05,0.8182140691419653,0.00116013510548464,1149
119120,SBI Magnum Gilt Fund - Regular Plan - Growth,SBI Mutual Fund,Debt,Regular,-0.006413850728276476,0.00022305139748564958,0.05620895216638369,0.00043426033217200524,0.48038566300028673,0.009085895556734057,1149
118636,Nippon India Gilt Securities Fund - Regular - Growth,Nippon India MF,Debt,Regular,0.0012566742731558475,0.00020137988095143272,0.05074772999976104,1.6516652310332796e-05,0.890548686413759,0.009130118523202281,1149
119599,SBI Small Cap Fund - Direct Plan - Growth,SBI Mutual Fund,Equity,Direct,0.06200180438267164,0.00019374688867277717,0.048824215945539845,0.001025920532676595,0.2780039623382625,0.057127190819840454,1149
119095,Axis Small Cap Fund - Regular - Growth,Axis Mutual Fund,Equity,Regular,-0.06695117463929198,0.0001905394985625379,0.04801595363775955,0.0011851593464486706,0.24360834209000373,0.0573892583623687,1149
100025,HDFC Short Term Debt Fund - Regular - Growth,HDFC Mutual Fund,Debt,Regular,0.0011582183155281417,0.00016991238220262253,0.042817920315060876,1.4612842041844915e-05,0.8970124515162728,0.008946191727361887,1149
100016,HDFC Top 100 Fund - Regular Plan - Growth,HDFC Mutual Fund,Equity,Regular,-0.05826843143880891,0.00014871352235886037,0.03747580763443281,0.002665032698133324,0.08026442483699604,0.033282877789576594,1149
102886,UTI Mid Cap Fund - Regular - Growth,UTI Mutual Fund,Equity,Regular,-0.04212502902189429,0.00011495792804118825,0.02896939786637944,0.0008964294600687565,0.31057770814660474,0.04152462310680976,1149
