amfi_code,scheme_name,benchmark,tracking_error_annualized,annualized_active_return_arithmetic,observations
148567,Mirae Asset Large Cap Fund - Regular - Growth,NIFTY50,0.19186766489266005,0.3763795846164007,784
148567,Mirae Asset Large Cap Fund - Regular - Growth,NIFTY100,0.18797377271500346,0.2033380319277933,784
120505,ICICI Pru Midcap Fund - Regular - Growth,NIFTY50,0.22844691726310182,0.3685346191304029,784
120505,ICICI Pru Midcap Fund - Regular - Growth,NIFTY100,0.23266121743560642,0.1954930664417955,784
120843,Kotak Flexicap Fund - Regular - Growth,NIFTY50,0.20506699571897424,0.3467293680186723,784
120843,Kotak Flexicap Fund - Regular - Growth,NIFTY100,0.20653967537989154,0.1736878153300649,784
100033,HDFC Mid-Cap Opportunities Fund - Regular - Growth,NIFTY50,0.2282217849822835,0.3719584178519304,784
100033,HDFC Mid-Cap Opportunities Fund - Regular - Growth,NIFTY100,0.2249762864379556,0.19891686516332302,784
120504,ICICI Pru Bluechip Fund - Direct - Growth,NIFTY50,0.18821141286440057,0.3659318356179967,784
120504,ICICI Pru Bluechip Fund - Direct - Growth,NIFTY100,0.18729903509098153,0.19289028292938923,784
