amfi_code,scheme_name,fund_house,category,plan,expense_ratio_pct,cagr_1yr,cagr_1yr_start_date,cagr_3yr,cagr_3yr_start_date,cagr_5yr,cagr_5yr_start_date,max_drawdown,drawdown_peak_date,drawdown_trough_date,drawdown_recovery_date,drawdown_recovered,beta,daily_alpha,annualized_alpha,regression_r_squared,regression_p_value,beta_std_err,observations,sharpe_ratio,sortino_ratio,daily_return_mean,daily_return_std,annual_risk_free_rate,as_of_date,score_3yr_return_rank,score_sharpe_rank,score_alpha_rank,score_expense_rank,score_drawdown_rank,fund_score,sharpe_rank,sortino_rank,score_rank
148567,Mirae Asset Large Cap Fund - Regular - Growth,Mirae Asset MF,Equity,Regular,1.46,0.20375498671489978,2025-05-29,0.3399116532383124,2023-05-29,,,-0.11265729075028275,2023-07-11,2023-10-20,2024-02-21,True,0.023683558075848616,0.001070783787377701,0.2698375144191807,0.00046254369066238443,0.4664265197542749,0.03250786112917388,1149,1.4625040290030804,2.3915836048920314,0.0010736754034490813,0.008941194822595982,0.065,2026-05-29,97.5,100.0,85.0,45.0,82.5,86.25,1,1,1
120505,ICICI Pru Midcap Fund - Regular - Growth,ICICI Prudential MF,Equity,Regular,1.36,0.29626990457020774,2025-05-29,0.3176849639093495,2023-05-29,,,-0.18188513572116294,2024-10-24,2025-01-23,2025-03-07,True,0.000549004250631731,0.0011612533072123436,0.2926358334175106,1.3455341675669786e-07,0.9900902356906137,0.044192299843648974,1149,1.1905585963067509,2.0290072742899947,0.0011613203372383776,0.012152155877011201,0.065,2026-05-29,90.0,90.0,95.0,65.0,40.0,82.25,5,5,2
120843,Kotak Flexicap Fund - Regular - Growth,Kotak Mahindra MF,Equity,Regular,1.45,0.2667696880580326,2025-05-29,0.29574421233885384,2023-05-29,,,-0.1297396816518679,2022-03-07,2022-04-13,2022-09-22,True,-0.02282956979242654,0.0010845422634248435,0.27330465038306057,0.00034305434271514486,0.5305284121437438,0.03638815632934552,1149,1.319441981711722,2.375806649149275,0.00108175491404503,0.01000786081516778,0.065,2026-05-29,85.0,97.5,90.0,47.5,70.0,82.0,2,2,3
100033,HDFC Mid-Cap Opportunities Fund - Regular - Growth,HDFC Mutual Fund,Equity,Regular,1.38,0.5327585132691977,2025-05-29,0.3243320731838575,2023-05-29,,,-0.16217208574644848,2022-03-11,2022-05-12,2022-07-27,True,0.005103525830528313,0.0010791807341779893,0.2719535450128533,1.2066520635068172e-05,0.9063691402409378,0.0433805404268303,1149,1.1043517629506807,1.841588901391497,0.0010798038431409673,0.011929006552266409,0.065,2026-05-29,92.5,85.0,87.5,60.0,52.5,80.75,7,8,4
120504,ICICI Pru Bluechip Fund - Direct - Growth,ICICI Prudential MF,Equity,Direct,0.8,0.13073503108940399,2025-05-29,0.324781621293573,2023-05-29,,,-0.12588275606922517,2022-10-04,2023-05-30,2023-07-11,True,0.016232169761417024,0.0008410645640287988,0.2119482701352573,0.00021216129075887503,0.6218551541356451,0.03290150146588935,1149,1.0405688566490552,1.8094654428785468,0.0008430464116382314,0.009048331253878,0.065,2026-05-29,95.0,77.5,70.0,72.5,72.5,80.0,10,10,5
119094,Axis Midcap Fund - Regular - Growth,Axis Mutual Fund,Equity,Regular,1.38,0.22277392159904275,2025-05-29,0.35101693241595444,2023-05-29,,,-0.20960883862039192,2022-04-14,2022-08-11,2023-01-17,True,-0.0662654286280376,0.0010347884555572313,0.2607666908004223,0.0019368789369602333,0.13598752352498455,0.04441534793764907,1149,1.008625789131447,1.716075326149558,0.001026697856256904,0.012225334849231497,0.065,2026-05-29,100.0,75.0,80.0,60.0,32.5,77.0,11,11,6
119551,SBI Bluechip Fund - Regular Plan - Growth,SBI Mutual Fund,Equity,Regular,1.54,0.6048773818148276,2025-05-29,0.3044790106113642,2023-05-29,,,-0.1501238549864533,2023-08-24,2024-02-05,2025-01-08,True,-0.03175144113890976,0.000920674887326789,0.23201007160635082,0.0008869788879322828,0.313143027230845,0.031465337983741765,1149,1.222947214685128,2.129514990110595,0.0009167982325947297,0.00865628985637757,0.065,2026-05-29,87.5,92.5,77.5,26.25,60.0,74.81,4,4,7
148569,Mirae Asset Tax Saver Fund - Regular - Growth,Mirae Asset MF,Equity,Regular,1.6,0.3978284120020046,2025-05-29,0.2917067874793311,2023-05-29,,,-0.1639674294693263,2023-08-10,2023-10-20,2024-04-10,True,0.01813388408385925,0.0011218399941454692,0.2827036785246582,0.0001748888656812956,0.6542952865906952,0.040484619877281615,1149,1.2463441409620546,2.1548168253758972,0.0011240540293206524,0.011133577708427348,0.065,2026-05-29,82.5,95.0,92.5,11.25,50.0,73.69,3,3,8
101206,ABSL Frontline Equity Fund - Regular - Growth,Aditya Birla Sun Life MF,Equity,Regular,1.6,0.4796260409439097,2025-05-29,0.2895953760899981,2023-05-29,,,-0.11291596329323073,2023-04-24,2023-07-05,2023-09-28,True,0.02108631625012804,0.0008491978085734608,0.21399784776051212,0.0003480482030714255,0.5275509209180673,0.03336750375157688,1149,1.0410608155745142,1.8096633558102262,0.0008517723174694551,0.009177111485957212,0.065,2026-05-29,80.0,80.0,72.5,11.25,80.0,68.19,9,9,9
119598,SBI Small Cap Fund - Regular Plan - Growth,SBI Mutual Fund,Equity,Regular,1.43,0.82849308745122,2025-05-29,0.2666247655446281,2023-05-29,,,-0.2870600572176455,2024-08-28,2025-05-14,2025-09-29,True,-0.02319606204405971,0.0012038478328167985,0.3033696538698332,0.00014142575502721738,0.6871791461096045,0.05758874143280733,1149,0.9533324621776289,1.6766077418430978,0.0012010157369980656,0.01583707591818766,0.065,2026-05-29,72.5,67.5,100.0,50.0,12.5,67.38,14,12,10
149323,DSP Midcap Fund - Regular - Growth,DSP Mutual Fund,Equity,Regular,1.61,0.2149692855346288,2025-05-29,0.26862483842748164,2023-05-29,,,-0.17248105753451382,2022-06-06,2022-10-24,2022-12-20,True,-0.002523004664699212,0.0010554991088112318,0.26598577542043045,3.3579781920087663e-06,0.9505247706268669,0.04065338188780854,1149,1.1434895599140866,1.88770154385425,0.001055191065534404,0.011179029641055082,0.065,2026-05-29,75.0,87.5,82.5,7.5,47.5,66.75,6,6,11
149324,DSP Small Cap Fund - Regular - Growth,DSP Mutual Fund,Equity,Regular,1.52,0.6519376308912355,2025-05-29,0.26992879465217023,2023-05-29,,,-0.31171900300634214,2024-05-03,2025-01-03,2025-06-13,True,0.011455159960520695,0.001192772943292729,0.3005787817097677,3.532990626795555e-05,0.8404935891843303,0.056903703736950015,1149,0.9579170598994393,1.6208663801444312,0.0011941715475284615,0.01564785832374583,0.065,2026-05-29,77.5,70.0,97.5,36.25,10.0,66.69,13,15,12
118632,Nippon India Large Cap Fund - Regular - Growth,Nippon India MF,Equity,Regular,1.51,0.34007090324322675,2025-05-29,0.22646133356195897,2023-05-29,,,-0.17414075086657232,2024-01-02,2024-07-19,2025-05-21,True,-0.008353832126962014,0.0008662459485955811,0.21829397904608644,5.791756270127824e-05,0.7966457465470187,0.03241054388354019,1149,1.0959175992660923,1.864112111230285,0.0008652259973214282,0.008912624198545502,0.065,2026-05-29,67.5,82.5,75.0,41.25,45.0,66.56,8,7,13
119552,SBI Bluechip Fund - Direct Plan - Growth,SBI Mutual Fund,Equity,Direct,0.66,0.05709997315642701,2025-05-29,0.16263015338907483,2023-05-29,,,-0.11803493502764295,2024-05-21,2024-09-02,2025-02-11,True,-0.02615930751351341,0.0007884364828120222,0.1986859936686296,0.0005850821704543429,0.41270558180205413,0.031923390924810474,1149,0.9677516848309506,1.628331862547524,0.0007852425930349881,0.008780976223037766,0.065,2026-05-29,45.0,72.5,65.0,92.5,75.0,66.0,12,14,14
125497,HDFC Top 100 Fund - Direct Plan - Growth,HDFC Mutual Fund,Equity,Direct,0.92,0.28696913727161166,2025-05-29,0.18429506663090067,2023-05-29,,,-0.15200013055606398,2023-12-22,2025-01-01,2025-04-16,True,0.048820404259577385,0.0007035617034734827,0.17729754927531766,0.0018401792783071574,0.14617594874598647,0.03357296026148678,1149,0.7895427197023165,1.3344028115060627,0.0007095223731125696,0.009240517486188763,0.065,2026-05-29,55.00000000000001,55.00000000000001,62.5,67.5,57.49999999999999,58.62,19,19,15
118635,Nippon India ETF Nifty 50 BeES,Nippon India MF,Equity,Direct,0.89,0.2250973737419686,2025-05-29,0.2000276638745757,2023-05-29,,,-0.1165062450540909,2022-01-03,2022-06-09,2023-01-09,True,-0.001433521389780139,0.0006006489939777476,0.1513635464823924,2.0253408972328594e-06,0.9615666405413442,0.029742191292994238,1149,0.6803950621402518,1.1570251974850476,0.000600473969875538,0.008178621336543391,0.065,2026-05-29,60.0,52.5,45.0,70.0,77.5,58.38,20,21,16
118633,Nippon India Large Cap Fund - Direct - Growth,Nippon India MF,Equity,Direct,0.72,0.25558953112482974,2025-05-29,0.2108421534390823,2023-05-29,,,-0.18629743138595511,2023-10-30,2024-02-29,2024-07-26,True,-0.03663900671860934,0.0006207871408003836,0.15643835948169668,0.0011382947171084277,0.25315678850632356,0.032046994367127025,1149,0.6596198173038668,1.1656123125721352,0.0006163137445172902,0.008817415800853679,0.065,2026-05-29,65.0,47.5,47.5,88.75,37.5,57.94,22,20,17
102885,UTI Nifty 50 Index Fund - Regular - Growth,UTI Mutual Fund,Equity,Regular,1.57,0.20222403929218746,2025-05-29,0.196619201817406,2023-05-29,,,-0.1085986215250232,2022-02-03,2022-03-29,2022-05-23,True,-0.019486785689474536,0.0006765379683893927,0.17048756803412696,0.0003828503073092387,0.5075948866942018,0.02940091517888597,1149,0.8328147683762688,1.4465737313396836,0.0006741587522893979,0.008086315812687745,0.065,2026-05-29,57.49999999999999,60.0,55.00000000000001,17.5,85.0,54.38,17,17,18
148568,Mirae Asset Emerging Bluechip Fund - Regular - Growth,Mirae Asset MF,Equity,Regular,1.52,0.14279521276129215,2025-05-29,0.14744110775228303,2023-05-29,,,-0.1527259422823477,2023-09-05,2024-01-24,2024-04-25,True,-0.02638771994384303,0.0008282940510691404,0.20873010086942337,0.00048592647527973253,0.4553703178741982,0.03533697205783346,1149,0.9393621577599311,1.6412336872284157,0.0008250722735460028,0.009719447430866657,0.065,2026-05-29,42.5,65.0,67.5,36.25,55.00000000000001,53.44,15,13,19
120503,ICICI Pru Bluechip Fund - Regular - Growth,ICICI Prudential MF,Equity,Regular,1.42,0.08494954326249271,2025-05-29,0.13974674210498006,2023-05-29,,,-0.13897862823061635,2023-09-19,2023-11-09,2024-03-11,True,-0.0402689523698206,0.0007025119986446061,0.17703302365844073,0.001397444608331861,0.2054374518341153,0.03178466640024183,1149,0.8125023019488139,1.353221719807929,0.000697595408431375,0.008746373512793112,0.065,2026-05-29,40.0,57.49999999999999,60.0,52.5,67.5,53.0,18,18,20
120507,ICICI Pru Liquid Fund - Regular - Growth,ICICI Prudential MF,Debt,Regular,0.74,0.07430162749694236,2025-05-29,0.07392381511389456,2023-05-29,,,-0.0009773140045925555,2025-10-16,2025-10-20,2025-10-24,True,-0.0004440926329707226,0.0002677067623452198,0.06746210411099539,0.00013430661440679822,0.6947484438507021,0.0011313943164611136,1149,0.9041623305389642,1.5242991504122456,0.0002676525413793258,0.0003111357089670824,0.065,2026-05-29,30.0,62.5,25.0,85.0,100.0,52.38,16,16,21
120506,ICICI Pru Value Discovery Fund - Regular - Growth,ICICI Prudential MF,Equity,Regular,1.41,0.4185197165076633,2025-05-29,0.18417018221120607,2023-05-29,,,-0.1982565826298267,2023-03-31,2023-08-14,2024-01-11,True,0.04189646272811975,0.0006449941777770254,0.1625385327998104,0.0012571178108220728,0.22978488107543144,0.03486859975375099,1149,0.6621241011051734,1.1112651475851567,0.0006501094769466271,0.009594323495169223,0.065,2026-05-29,52.5,50.0,52.5,55.00000000000001,35.0,50.5,21,22,22
119093,Axis Bluechip Fund - Direct - Growth,Axis Mutual Fund,Equity,Direct,0.75,0.19781094572272706,2025-05-29,0.2081109081625654,2023-05-29,,,-0.21751396370148224,2022-02-24,2023-05-22,2023-12-26,True,0.02588321244009315,0.00032669846409611483,0.08232801295222093,0.000569203809024487,0.4191212046285578,0.03202424744940539,1149,0.14404122210428397,0.2441578804761054,0.00032985864437101356,0.008808648249969932,0.065,2026-05-29,62.5,27.500000000000004,32.5,82.5,25.0,47.0,30,30,23
102887,UTI Flexi Cap Fund - Regular - Growth,UTI Mutual Fund,Equity,Regular,1.64,0.13592746655182308,2025-05-29,0.2554908359325172,2023-05-29,,,-0.21539827112383225,2022-01-03,2022-07-04,2023-03-16,True,0.016682689437770806,0.0006433038410330657,0.16211256794033255,0.00018619166432850125,0.6440466770890056,0.03609639283424432,1149,0.632319243278044,1.10131256187748,0.000645340694310669,0.009926838079358374,0.065,2026-05-29,70.0,45.0,50.0,3.75,27.500000000000004,45.56,23,23,24
120844,Kotak Liquid Fund - Regular - Growth,Kotak Mahindra MF,Debt,Regular,0.6,0.07125218336674122,2025-05-29,0.06694252275522627,2023-05-29,,,-0.0011629327956168556,2024-04-12,2024-04-30,2024-05-03,True,-0.0004007442394784006,0.00025617767838793644,0.06455677495375998,0.00010125435692271745,0.7333100820090803,0.0011758630169772715,1149,0.30425182333434436,0.5114253293242652,0.0002561287499929851,0.0003233593463542916,0.065,2026-05-29,27.500000000000004,32.5,22.5,95.0,97.5,44.88,28,28,25
149322,DSP Top 100 Equity Fund - Regular - Growth,DSP Mutual Fund,Equity,Regular,1.54,0.1812421522913139,2025-05-29,0.18039337828716207,2023-05-29,,,-0.14844576917771746,2022-01-03,2022-02-04,2022-05-17,True,-0.004050271130006511,0.0005227456438928346,0.13173190226099432,1.322760788085031e-05,0.901989502440503,0.032882047999788507,1149,0.4780917280523983,0.7770440819970102,0.0005222511308194414,0.009042081769919406,0.065,2026-05-29,50.0,40.0,42.5,26.25,62.5,43.69,25,25,26
125498,HDFC Mid-Cap Opportunities Fund - Direct - Growth,HDFC Mutual Fund,Equity,Direct,0.78,0.1545473631749188,2025-05-29,0.11242275368966115,2023-05-29,,,-0.21117279560132118,2025-04-04,2025-09-12,2026-02-18,True,0.009054412621739139,0.00047575797504833216,0.11989100971217971,4.043746553634231e-05,0.8295182110189222,0.04204146371813351,1149,0.31160409740522227,0.5238260554903004,0.00047686346287115325,0.011560944277330922,0.065,2026-05-29,37.5,35.0,37.5,77.5,30.0,42.12,27,27,27
120841,Kotak Bluechip Fund - Regular - Growth,Kotak Mahindra MF,Equity,Regular,1.59,0.16849177906465207,2025-05-29,0.1726263099449581,2023-05-29,,,-0.1757361416468729,2024-01-09,2025-02-14,2025-12-04,True,0.0363563990221998,0.000517576367091486,0.13042924450705445,0.0012113711061211869,0.2384593087156638,0.030824592340953673,1149,0.5092559163430059,0.8807346302324983,0.0005220152587214266,0.008481394140912233,0.065,2026-05-29,47.5,42.5,40.0,15.0,42.5,39.38,24,24,28
118634,Nippon India Small Cap Fund - Regular - Growth,Nippon India MF,Equity,Regular,1.53,0.15822517094325272,2025-05-29,0.08005859053133624,2023-05-29,,,-0.2334488614483311,2025-04-09,2026-02-20,2026-04-15,True,0.10349663691337589,0.0006944730823655265,0.1750072167561127,0.0027930065610663234,0.07333892285784306,0.05774324797224455,1149,0.4564261243061777,0.757384629084511,0.0007071093821003067,0.015900663604058236,0.065,2026-05-29,35.0,37.5,57.49999999999999,31.25,22.5,38.31,26,26,29
119120,SBI Magnum Gilt Fund - Regular Plan - Growth,SBI Mutual Fund,Debt,Regular,0.77,0.05525763779811932,2025-05-29,0.058388651108907785,2023-05-29,,,-0.04328728923970093,2024-09-16,2025-04-01,2025-08-22,True,-0.006413850728276476,0.00022305139748564958,0.05620895216638369,0.00043426033217200524,0.48038566300028673,0.009085895556734057,1149,-0.17572336328229415,-0.28455338824285015,0.00022226830595075775,0.0024990143961777056,0.065,2026-05-29,22.5,15.0,17.5,80.0,90.0,35.0,35,35,30
118636,Nippon India Gilt Securities Fund - Regular - Growth,Nippon India MF,Debt,Regular,0.55,0.10462237087473891,2025-05-29,0.04061174795507094,2023-05-29,,,-0.08316361763638702,2023-02-09,2024-02-09,2024-11-01,True,0.0012566742731558475,0.00020137988095143272,0.05074772999976104,1.6516652310332796e-05,0.890548686413759,0.009130118523202281,1149,-0.30601321923949243,-0.5139985514437202,0.00020153331311365723,0.002510653047599153,0.065,2026-05-29,20.0,7.5,15.0,100.0,87.5,34.62,38,38,31
101208,ABSL Liquid Fund - Regular - Growth,Aditya Birla Sun Life MF,Debt,Regular,0.79,0.07241623239849893,2025-05-29,0.0631416562518865,2023-05-29,,,-0.0016224980244717857,2023-09-05,2023-09-12,2023-09-22,True,0.00026670968338238335,0.00024151372205504423,0.060861457957871144,4.6076236771051994e-05,0.8182140691419653,0.00116013510548464,1149,-0.41722938246152713,-0.6837930898433491,0.00024154628565905978,0.00031902540821652614,0.065,2026-05-29,25.0,5.0,20.0,75.0,95.0,33.5,39,39,32
100025,HDFC Short Term Debt Fund - Regular - Growth,HDFC Mutual Fund,Debt,Regular,0.56,0.03707475177309916,2025-05-29,0.03915397400858356,2023-05-29,,,-0.04308263824636349,2023-05-23,2023-07-28,2024-01-30,True,0.0011582183155281417,0.00016991238220262253,0.042817920315060876,1.4612842041844915e-05,0.8970124515162728,0.008946191727361887,1149,-0.5154378235861931,-0.8332471719354976,0.00017005379350090052,0.0024600734466666972,0.065,2026-05-29,17.5,2.5,7.5,97.5,92.5,31.25,40,40,33
120842,Kotak Emerging Equity Fund - Regular - Growth,Kotak Mahindra MF,Equity,Regular,1.56,0.2251847599702148,2025-05-29,0.07754002262880189,2023-05-29,,,-0.24003511326274884,2023-11-09,2024-10-17,2025-10-14,True,0.018056874208118162,0.00030969995540297936,0.0780443887615508,0.00016915548838314365,0.6596465767530766,0.04099029861586007,1149,0.08727318479040212,0.14184111820932468,0.0003119045881482731,0.011272610878515414,0.065,2026-05-29,32.5,25.0,30.0,20.0,20.0,27.0,31,31,34
119599,SBI Small Cap Fund - Direct Plan - Growth,SBI Mutual Fund,Equity,Direct,0.72,0.13957688614118968,2025-05-29,-0.013370563311398742,2023-05-29,,,-0.5257422117012851,2023-01-17,2025-10-28,,False,0.06200180438267164,0.00019374688867277717,0.048824215945539845,0.001025920532676595,0.2780039623382625,0.057127190819840454,1149,-0.049101169454301964,-0.08077840213154544,0.00020131692580289563,0.015717101489290827,0.065,2026-05-29,7.5,20.0,12.5,88.75,2.5,23.31,33,33,35
119092,Axis Bluechip Fund - Regular - Growth,Axis Mutual Fund,Equity,Regular,1.64,0.01610196305512357,2025-05-29,0.00525756025814017,2023-05-29,,,-0.1440161790933726,2023-10-12,2025-02-07,2025-12-31,True,0.009730745001153627,0.00027379086593958533,0.0689952982167755,8.082637693810755e-05,0.7608083592013822,0.03195731437489774,1149,0.04524532299034367,0.07634348661147586,0.0002749789297660477,0.008788090603213448,0.065,2026-05-29,12.5,22.5,27.500000000000004,3.75,65.0,21.94,32,32,36
101207,ABSL Small Cap Fund - Regular - Growth,Aditya Birla Sun Life MF,Equity,Regular,1.53,-0.23999880895213133,2025-05-29,-0.04151370365116469,2023-05-29,,,-0.3544691649336603,2024-11-21,2026-05-11,,False,-0.06528924788351526,0.00043242428181367216,0.10897091901704538,0.0010641052735572626,0.26923382859979944,0.05906585139524708,1149,0.17048069518831582,0.28781663121213724,0.0004244528681492361,0.016250785494711695,0.065,2026-05-29,5.0,30.0,35.0,31.25,7.5,21.44,29,29,37
119095,Axis Small Cap Fund - Regular - Growth,Axis Mutual Fund,Equity,Regular,1.38,-0.4281883887018275,2025-05-29,-0.11703073660867125,2023-05-29,,,-0.5167775370852656,2025-05-22,2026-05-11,,False,-0.06695117463929198,0.0001905394985625379,0.04801595363775955,0.0011851593464486706,0.24360834209000373,0.0573892583623687,1149,-0.0679256784693741,-0.11374162766017135,0.00018236517391230026,0.015790461312930562,0.065,2026-05-29,2.5,17.5,10.0,60.0,5.0,16.62,34,34,38
100016,HDFC Top 100 Fund - Regular Plan - Growth,HDFC Mutual Fund,Equity,Regular,1.55,-0.02225732197859731,2025-05-29,0.012923258814628857,2023-05-29,,,-0.24734440880673303,2022-03-30,2022-09-15,2023-03-14,True,-0.05826843143880891,0.00014871352235886037,0.03747580763443281,0.002665032698133324,0.08026442483699604,0.033282877789576594,1149,-0.18765046878624,-0.3242367308565554,0.00014159930699210853,0.009164463506291045,0.065,2026-05-29,15.0,12.5,5.0,22.5,17.5,13.75,36,36,39
102886,UTI Mid Cap Fund - Regular - Growth,UTI Mutual Fund,Equity,Regular,1.51,-0.1680764560744784,2025-05-29,-0.007672162503661872,2023-05-29,,,-0.2800112356639287,2025-01-07,2026-04-27,,False,-0.04212502902189429,0.00011495792804118825,0.02896939786637944,0.0008964294600687565,0.31057770814660474,0.04152462310680976,1149,-0.1947073805832031,-0.3263289923929958,0.0001098147223397074,0.011423709289098149,0.065,2026-05-29,10.0,10.0,2.5,41.25,15.0,13.69,37,37,40
